<?xml version="1.0" encoding="UTF-8"?>
<!DOCTYPE suite SYSTEM "http://testng.org/testng-1.0.dtd">
<suite name="Suite"> <!-- Only once -->
	<test thread-count="5" name="Test"> <!-- Single / Multiple -->
		<classes> <!-- Single/ Multiple -->
			<class name="com.webdriver.webelementfunction.WebelementFunctionRunner" />
			<class name="com.webdriver.wait.WebdriverWaitFunctionRunner"></class>
		</classes>
	</test> <!-- Test -->
	<!-- <test name="">
		<classes>
			<class name=""></class>
		</classes>
	</test>  -->
</suite> <!-- Suite -->
